model,auc_roc,pr_auc,f1
logistic_regression,0.8290268413030562,0.6074055118614052,0.6117908787541713
dummy_most_frequent,0.5,0.2654364797728886,0.0
